../../VM-NET/data/video_clipped/alps2.mp4,1
../../VM-NET/data/video_clipped/alps.mp4,2
../../VM-NET/data/video_clipped/amphibian.mp4,3
../../VM-NET/data/video_clipped/animals.mp4,4
../../VM-NET/data/video_clipped/aurora.mp4,5
../../VM-NET/data/video_clipped/bear2.mp4,6
../../VM-NET/data/video_clipped/bear3.mp4,7
../../VM-NET/data/video_clipped/bear6.mp4,8
../../VM-NET/data/video_clipped/bear.mp4,9
../../VM-NET/data/video_clipped/bees2.mp4,10
../../VM-NET/data/video_clipped/bees.mp4,11
../../VM-NET/data/video_clipped/birds2.mp4,12
../../VM-NET/data/video_clipped/birds3.mp4,13
../../VM-NET/data/video_clipped/birds4.mp4,14
../../VM-NET/data/video_clipped/boats2.mp4,15
../../VM-NET/data/video_clipped/boats4.mp4,16
../../VM-NET/data/video_clipped/building4.mp4,17
../../VM-NET/data/video_clipped/building.mp4,18
../../VM-NET/data/video_clipped/bungee.mp4,19
../../VM-NET/data/video_clipped/butterflies3.mp4,20
../../VM-NET/data/video_clipped/butterflies.mp4,21
../../VM-NET/data/video_clipped/camping2.mp4,22
../../VM-NET/data/video_clipped/caterpillar.mp4,23
../../VM-NET/data/video_clipped/chicken.mp4,24
../../VM-NET/data/video_clipped/city.mp4,25
../../VM-NET/data/video_clipped/clouds2.mp4,26
../../VM-NET/data/video_clipped/clouds.mp4,27
../../VM-NET/data/video_clipped/coral10.mp4,28
../../VM-NET/data/video_clipped/coral3.mp4,29
../../VM-NET/data/video_clipped/coral4.mp4,30
../../VM-NET/data/video_clipped/coral5.mp4,31
../../VM-NET/data/video_clipped/coral6.mp4,32
../../VM-NET/data/video_clipped/coral7.mp4,33
../../VM-NET/data/video_clipped/coral8.mp4,34
../../VM-NET/data/video_clipped/coral9.mp4,35
../../VM-NET/data/video_clipped/costarica.mp4,36
../../VM-NET/data/video_clipped/crocodile.mp4,37
../../VM-NET/data/video_clipped/deer3.mp4,38
../../VM-NET/data/video_clipped/deer.mp4,39
../../VM-NET/data/video_clipped/desert2.mp4,40
../../VM-NET/data/video_clipped/desert3.mp4,41
../../VM-NET/data/video_clipped/desert.mp4,42
../../VM-NET/data/video_clipped/diving2.mp4,43
../../VM-NET/data/video_clipped/diving.mp4,44
../../VM-NET/data/video_clipped/drive2.mp4,45
../../VM-NET/data/video_clipped/drive.mp4,46
../../VM-NET/data/video_clipped/elephant2.mp4,47
../../VM-NET/data/video_clipped/elephenats.mp4,48
../../VM-NET/data/video_clipped/encounter.mp4,49
../../VM-NET/data/video_clipped/eruption.mp4,50
../../VM-NET/data/video_clipped/exploring.mp4,51
../../VM-NET/data/video_clipped/eyes2.mp4,52
../../VM-NET/data/video_clipped/eyes.mp4,53
../../VM-NET/data/video_clipped/fiash.mp4,54
../../VM-NET/data/video_clipped/fields.mp4,55
../../VM-NET/data/video_clipped/firefalls.mp4,56
../../VM-NET/data/video_clipped/fish2.mp4,57
../../VM-NET/data/video_clipped/fish3.mp4,58
../../VM-NET/data/video_clipped/fish7.mp4,59
../../VM-NET/data/video_clipped/fish8.mp4,60
../../VM-NET/data/video_clipped/fish9.mp4,61
../../VM-NET/data/video_clipped/fish.mp4,62
../../VM-NET/data/video_clipped/flamingo.mp4,63
../../VM-NET/data/video_clipped/flowers2.mp4,64
../../VM-NET/data/video_clipped/flowers.mp4,65
../../VM-NET/data/video_clipped/fly.mp4,66
../../VM-NET/data/video_clipped/foxes.mp4,67
../../VM-NET/data/video_clipped/giraffe2.mp4,68
../../VM-NET/data/video_clipped/giraffe.mp4,69
../../VM-NET/data/video_clipped/glacier3.mp4,70
../../VM-NET/data/video_clipped/glaciers2.mp4,71
../../VM-NET/data/video_clipped/glaciers5.mp4,72
../../VM-NET/data/video_clipped/glaciers.mp4,73
../../VM-NET/data/video_clipped/goats.mp4,74
../../VM-NET/data/video_clipped/greenmts.mp4,75
../../VM-NET/data/video_clipped/hiking2.mp4,76
../../VM-NET/data/video_clipped/hiking3.mp4,77
../../VM-NET/data/video_clipped/hiking4.mp4,78
../../VM-NET/data/video_clipped/hiking5.mp4,79
../../VM-NET/data/video_clipped/hiking6.mp4,80
../../VM-NET/data/video_clipped/hiking.mp4,81
../../VM-NET/data/video_clipped/horse2.mp4,82
../../VM-NET/data/video_clipped/horse.mp4,83
../../VM-NET/data/video_clipped/horses.mp4,84
../../VM-NET/data/video_clipped/iguana.mp4,85
../../VM-NET/data/video_clipped/island2.mp4,86
../../VM-NET/data/video_clipped/island3.mp4,87
../../VM-NET/data/video_clipped/island5.mp4,88
../../VM-NET/data/video_clipped/island6.mp4,89
../../VM-NET/data/video_clipped/island.mp4,90
../../VM-NET/data/video_clipped/jellyfish2.mp4,91
../../VM-NET/data/video_clipped/jellyfish.mp4,92
../../VM-NET/data/video_clipped/jungle.mp4,93
../../VM-NET/data/video_clipped/kangaroo2.mp4,94
../../VM-NET/data/video_clipped/kangaroo.mp4,95
../../VM-NET/data/video_clipped/lake2.mp4,96
../../VM-NET/data/video_clipped/lake3.mp4,97
../../VM-NET/data/video_clipped/leopard2.mp4,98
../../VM-NET/data/video_clipped/leopard3.mp4,99
../../VM-NET/data/video_clipped/leopard.mp4,100
../../VM-NET/data/video_clipped/lightning.mp4,101
../../VM-NET/data/video_clipped/lion.mp4,102
../../VM-NET/data/video_clipped/monkey.mp4,103
../../VM-NET/data/video_clipped/mountain2.mp4,104
../../VM-NET/data/video_clipped/mountaineer.mp4,105
../../VM-NET/data/video_clipped/mountain.mp4,106
../../VM-NET/data/video_clipped/mountains10.mp4,107
../../VM-NET/data/video_clipped/mountains2.mp4,108
../../VM-NET/data/video_clipped/mountains4.mp4,109
../../VM-NET/data/video_clipped/mountains6.mp4,110
../../VM-NET/data/video_clipped/mountains7.mp4,111
../../VM-NET/data/video_clipped/mountains8.mp4,112
../../VM-NET/data/video_clipped/mountaintops.mp4,113
../../VM-NET/data/video_clipped/nature4.mp4,114
../../VM-NET/data/video_clipped/nature5.mp4,115
../../VM-NET/data/video_clipped/nepal2.mp4,116
../../VM-NET/data/video_clipped/nepal.mp4,117
../../VM-NET/data/video_clipped/nightsky.mp4,118
../../VM-NET/data/video_clipped/ocean.mp4,119
../../VM-NET/data/video_clipped/octopus2.mp4,120
../../VM-NET/data/video_clipped/otter.mp4,121
../../VM-NET/data/video_clipped/otters2.mp4,122
../../VM-NET/data/video_clipped/otters.mp4,123
../../VM-NET/data/video_clipped/owl2.mp4,124
../../VM-NET/data/video_clipped/owl.mp4,125
../../VM-NET/data/video_clipped/paragliding.mp4,126
../../VM-NET/data/video_clipped/parrot.mp4,127
../../VM-NET/data/video_clipped/parrots2.mp4,128
../../VM-NET/data/video_clipped/parrots3.mp4,129
../../VM-NET/data/video_clipped/patterns.mp4,130
../../VM-NET/data/video_clipped/penguin.mp4,131
../../VM-NET/data/video_clipped/playing.mp4,132
../../VM-NET/data/video_clipped/polarbear.mp4,133
../../VM-NET/data/video_clipped/rabbit.mp4,134
../../VM-NET/data/video_clipped/redwoods.mp4,135
../../VM-NET/data/video_clipped/rhino.mp4,136
../../VM-NET/data/video_clipped/safari.mp4,137
../../VM-NET/data/video_clipped/sanfrancisco.mp4,138
../../VM-NET/data/video_clipped/scuba.mp4,139
../../VM-NET/data/video_clipped/ship.mp4,140
../../VM-NET/data/video_clipped/ships.mp4,141
../../VM-NET/data/video_clipped/shipsunset.mp4,142
../../VM-NET/data/video_clipped/snake.mp4,143
../../VM-NET/data/video_clipped/snow2.mp4,144
../../VM-NET/data/video_clipped/squirrel.mp4,145
../../VM-NET/data/video_clipped/tadpoles2.mp4,146
../../VM-NET/data/video_clipped/tadpoles.mp4,147
../../VM-NET/data/video_clipped/tidepool2.mp4,148
../../VM-NET/data/video_clipped/tidepool.mp4,149
../../VM-NET/data/video_clipped/tornado.mp4,150
../../VM-NET/data/video_clipped/travels.mp4,151
../../VM-NET/data/video_clipped/trees2.mp4,152
../../VM-NET/data/video_clipped/trees.mp4,153
../../VM-NET/data/video_clipped/tunnel.mp4,154
../../VM-NET/data/video_clipped/tunnels2.mp4,155
../../VM-NET/data/video_clipped/village2.mp4,156
../../VM-NET/data/video_clipped/village3.mp4,157
../../VM-NET/data/video_clipped/waterfall2.mp4,158
../../VM-NET/data/video_clipped/waterfall3.mp4,159
../../VM-NET/data/video_clipped/waterfall4.mp4,160
../../VM-NET/data/video_clipped/waterfall.mp4,161
../../VM-NET/data/video_clipped/waves.mp4,162
../../VM-NET/data/video_clipped/whale.mp4,163
../../VM-NET/data/video_clipped/wolf.mp4,164
../../VM-NET/data/video_clipped/yosemite.mp4,165
